{
  "accuracy": 0.575,
  "report": {
    "0": {
      "precision": 0.6190476190476191,
      "recall": 0.5909090909090909,
      "f1-score": 0.6046511627906976,
      "support": 22.0
    },
    "1": {
      "precision": 0.5263157894736842,
      "recall": 0.5555555555555556,
      "f1-score": 0.5405405405405406,
      "support": 18.0
    },
    "accuracy": 0.575,
    "macro avg": {
      "precision": 0.5726817042606516,
      "recall": 0.5732323232323233,
      "f1-score": 0.5725958516656191,
      "support": 40.0
    },
    "weighted avg": {
      "precision": 0.5773182957393483,
      "recall": 0.575,
      "f1-score": 0.575801382778127,
      "support": 40.0
    }
  },
  "confusion_matrix": [
    [
      13,
      9
    ],
    [
      8,
      10
    ]
  ]
}